,FPR,TPR,model
0,0.0,0.0,nf_10
1,0.0007712015977234316,0.006009264769372586,nf_10
2,0.001756495634936448,0.012196473786770282,nf_10
3,0.002962914345052941,0.018764852996658928,nf_10
4,0.004265440245159284,0.025762048673099888,nf_10
5,0.005688295472569992,0.03273882451780026,nf_10
6,0.007193193423142768,0.04007537835031096,nf_10
7,0.008241777561080807,0.04476902253182577,nf_10
8,0.009962330669679588,0.05245854774156661,nf_10
9,0.01187822359533091,0.06044367432507594,nf_10
10,0.013963671482183837,0.06887414771511806,nf_10
11,0.016138194325612722,0.0772598919499189,nf_10
12,0.018595569224133687,0.08593151382908795,nf_10
13,0.020809160030973082,0.09363562463292921,nf_10
14,0.02337123707143421,0.10255033974710524,nf_10
15,0.026030202661153395,0.11153117622120318,nf_10
16,0.02872354805867383,0.12055576947760237,nf_10
17,0.03157629074690914,0.13001987530289416,nf_10
18,0.03455483227732628,0.13936243451068248,nf_10
19,0.03775215440284227,0.1488362640653746,nf_10
20,0.040851025260563785,0.15827800531304576,nf_10
21,0.04436323517116847,0.16844124728221763,nf_10
22,0.048195802381739324,0.17899052130858062,nf_10
23,0.05209478513010804,0.18956410465844428,nf_10
24,0.05677200170961408,0.20081640432044745,nf_10
25,0.060941334764783514,0.21122662901638642,nf_10
26,0.06549353386137592,0.22244684037136866,nf_10
27,0.07040906501768607,0.23402585734122122,nf_10
28,0.07514957169791713,0.24549596854179065,nf_10
29,0.0805987712344148,0.2570360905940421,nf_10
30,0.08613704572748845,0.26868900790733674,nf_10
31,0.09107758038038131,0.27952124245924787,nf_10
32,0.09640176243396538,0.2907132549989693,nf_10
33,0.10155638952634782,0.30156590938262096,nf_10
34,0.10675164730067721,0.31213074137602437,nf_10
35,0.10798463222591284,0.3147843471293606,nf_10
36,0.11383076227066129,0.3259014869526999,nf_10
37,0.1192823058849636,0.3366024511577072,nf_10
38,0.12538159633261214,0.34771083962458627,nf_10
39,0.13186219010314723,0.35910607810877354,nf_10
40,0.13818494930150388,0.3700073511394266,nf_10
41,0.144282677030616,0.3807316522949946,nf_10
42,0.15110003664574967,0.39203257060399915,nf_10
43,0.15449113586978178,0.39748466567873575,nf_10
44,0.16254226176941933,0.40958098505268314,nf_10
45,0.17005971928886932,0.42119500744837673,nf_10
46,0.17899065572451148,0.433739590747677,nf_10
47,0.18909128698466426,0.4467411893287904,nf_10
48,0.19779250379545266,0.45918464584232777,nf_10
49,0.20649293924697282,0.47152405845128215,nf_10
50,0.21623101980667608,0.4842864532891487,nf_10
51,0.22864994401560843,0.4991190301163347,nf_10
52,0.23358657187216025,0.505883828660109,nf_10
53,0.24357312467915435,0.5181610094009016,nf_10
54,0.2557623292632329,0.5324082177181908,nf_10
55,0.2700588597936743,0.5492779158547353,nf_10
56,0.28021418620260174,0.5611155840266352,nf_10
57,0.2905640710693136,0.5732099586547026,nf_10
58,0.29428959206013966,0.5772151627946777,nf_10
59,0.305968569042077,0.5898229503350797,nf_10
60,0.31714903881089623,0.6018939880125864,nf_10
61,0.3272238852151981,0.6124685437353901,nf_10
62,0.3389427115198141,0.6239629642594602,nf_10
63,0.35072404656588696,0.6352979156213657,nf_10
64,0.36158806583108105,0.6459522059252517,nf_10
65,0.37386243857539453,0.6571354671085129,nf_10
66,0.3875229426615128,0.6682389937106918,nf_10
67,0.3876956230597873,0.6683751259222958,nf_10
68,0.3994910225726879,0.6783837605940032,nf_10
69,0.41027534319252457,0.6878614796404554,nf_10
70,0.4225747194334208,0.6975414522584333,nf_10
71,0.43725724144235795,0.7081694884929386,nf_10
72,0.45237107376734714,0.7191786949199348,nf_10
73,0.465200992951358,0.7284911105665822,nf_10
74,0.48119854260869294,0.7393359859667137,nf_10
75,0.4859320170555101,0.7422871378396985,nf_10
76,0.5044431994786771,0.7548657541918997,nf_10
77,0.5218456331002539,0.7656114475521484,nf_10
78,0.5377712977049134,0.7751163930409214,nf_10
79,0.5581811831498311,0.7871699280055076,nf_10
80,0.5824673919243394,0.7996386662154856,nf_10
81,0.6022959460737087,0.843836905831515,nf_10
82,0.626493079891641,0.8563484284508543,nf_10
83,0.650937904597596,0.8697467551914991,nf_10
84,0.6666736989000805,0.8772709770014352,nf_10
85,0.6861553295343645,0.8863996141624174,nf_10
86,0.7103469938374195,0.8976013504315391,nf_10
87,0.7312194439691175,0.9075098306904237,nf_10
88,0.7507034186812062,0.9160988008696903,nf_10
89,0.7727299364520507,0.9255697133055624,nf_10
90,0.7932367104462265,0.9345806933408012,nf_10
91,0.8172400671656427,0.9439368657697499,nf_10
92,0.8298191700245581,0.9490311276025561,nf_10
93,0.846248029997945,0.9553204357786568,nf_10
94,0.8650334695242538,0.96204828415071,nf_10
95,0.8823140110999897,0.9685369287795164,nf_10
96,0.8986084772792445,0.9741854431881386,nf_10
97,0.9143583360485568,0.979174688743422,nf_10
98,0.9297198592615686,0.9838926422484374,nf_10
99,0.9343689469074191,0.9851868706316146,nf_10
100,0.9479880389523222,0.9892183288409704,nf_10
101,0.9593693180530715,0.9919954259576901,nf_10
102,0.9705599454923775,0.9948298930778715,nf_10
103,0.9800526792418627,0.9967697770932272,nf_10
104,0.9881889733017352,0.9981661046351074,nf_10
105,0.9948453729076175,0.9991229196080949,nf_10
106,0.9999765592219537,0.9999601327094588,nf_10
107,1.0,1.0,nf_10
108,1.0,1.0,nf_10
109,0.0,0.0,nf_100
110,0.0005219439129072511,0.02100961183425513,nf_100
111,0.001319705492365789,0.0426683042672191,nf_100
112,0.0023198375410503416,0.06392472219739047,nf_100
113,0.0032809019315831545,0.08404913578999328,nf_100
114,0.004181020775399252,0.10384998076078465,nf_100
115,0.005027226250965948,0.12301923532864077,nf_100
116,0.0060742394894325894,0.14312421537038406,nf_100
117,0.007179072861963806,0.16307469868279392,nf_100
118,0.008405797327928453,0.18297173973034006,nf_100
119,0.009727846879783347,0.20278910321936203,nf_100
120,0.011146002870691521,0.2225141573418012,nf_100
121,0.012820442699075112,0.24218674087691955,nf_100
122,0.01471366141310845,0.2617922786615725,nf_100
123,0.016699079800379893,0.2811461519625943,nf_100
124,0.017914865322062053,0.29199007334222093,nf_100
125,0.02010656094437469,0.31179480502318424,nf_100
126,0.02263970789893353,0.33101653017836113,nf_100
127,0.02529865271274098,0.3505229568536304,nf_100
128,0.027970099177156985,0.3695192528188366,nf_100
129,0.030964244497906364,0.3878586947649901,nf_100
130,0.03230035840669589,0.39587309113946684,nf_100
131,0.03533982221090128,0.4141124502986937,nf_100
132,0.038533993941387575,0.432074881358172,nf_100
133,0.04201335957638157,0.449451390859235,nf_100
134,0.045673217792036605,0.46624197880188273,nf_100
135,0.04954404136171104,0.4827167715430628,nf_100
136,0.05376178573577293,0.49847932464524053,nf_100
137,0.05841161840899306,0.513612230699569,nf_100
138,0.06131434540966737,0.5220191848014085,nf_100
139,0.06673068553582465,0.53577911048751,nf_100
140,0.07266740686856311,0.5490016984923451,nf_100
141,0.07908856716238316,0.5616053279023037,nf_100
142,0.0859855715324914,0.5738989921760524,nf_100
143,0.09337404704214854,0.5851597632216163,nf_100
144,0.09687450921254447,0.5901755626984652,nf_100
145,0.10499120587015004,0.6008300069572112,nf_100
146,0.11361421937740217,0.6115903640681418,nf_100
147,0.12265369412055185,0.6216384815400701,nf_100
148,0.13193070022526412,0.6645477618379475,nf_100
149,0.14143820551307165,0.6744608161314019,nf_100
150,0.15107307136645384,0.6839735392771497,nf_100
151,0.16109548838870133,0.6933142754977905,nf_100
152,0.16526947698563327,0.6969201708597792,nf_100
153,0.1757271077196911,0.7057255127542394,nf_100
154,0.18674106190582976,0.714388989727425,nf_100
155,0.19811287584063833,0.7227356998216,nf_100
156,0.20948312706912084,0.7306859654782403,nf_100
157,0.22169333294786578,0.7390569675109897,nf_100
158,0.23399339444035971,0.7481227189869679,nf_100
159,0.2462293849734848,0.7561011632923544,nf_100
160,0.2589716923562564,0.7663202960118467,nf_100
161,0.26127434012772,0.7678127927178598,nf_100
162,0.27440263597303083,0.7758339908351374,nf_100
163,0.28780284271907774,0.7836064395014128,nf_100
164,0.30189532836757355,0.7916412411042921,nf_100
165,0.3158643602163098,0.7997498902004376,nf_100
166,0.3300834250772172,0.8073085698072581,nf_100
167,0.344154032837148,0.8153181077940199,nf_100
168,0.3558063525574861,0.8210325434242693,nf_100
169,0.3705254834427358,0.8290799768352074,nf_100
170,0.38524383297482245,0.8360264995899521,nf_100
171,0.3993886692852416,0.8428641944598834,nf_100
172,0.41381401138119017,0.8496484470649508,nf_100
173,0.4282041925848022,0.856443388122991,nf_100
174,0.44320929872772263,0.862778725703203,nf_100
175,0.4579088957838965,0.8690509042431215,nf_100
176,0.4722076586674334,0.8753765250479038,nf_100
177,0.4866431583545015,0.8814028691694489,nf_100
178,0.4871979191002562,0.8816146948738179,nf_100
179,0.5011927356033726,0.8874923723312876,nf_100
180,0.5156907435434834,0.8931961195085644,nf_100
181,0.5300770179812804,0.8986792958835853,nf_100
182,0.5441937255778302,0.9038962326118304,nf_100
183,0.5588526922695262,0.9090840190137862,nf_100
184,0.573506970842244,0.914183382759331,nf_100
185,0.5878369878523024,0.9191816920404062,nf_100
186,0.597010855339494,0.9221200449303696,nf_100
187,0.611510425985931,0.9267559184879143,nf_100
188,0.6263233192507448,0.9315278269014757,nf_100
189,0.640872896499616,0.9360024019868862,nf_100
190,0.6552427625209891,0.9402029640051771,nf_100
191,0.6695032390995374,0.9443986676357531,nf_100
192,0.6839301439018121,0.9485331555811215,nf_100
193,0.6978569826797444,0.9522673123787833,nf_100
194,0.7122104402846938,0.9560549114413087,nf_100
195,0.7264927947518071,0.9594013688993226,nf_100
196,0.7406032515230526,0.9628109853976299,nf_100
197,0.7547129269411352,0.9661331509170693,nf_100
198,0.7687452483960773,0.9693911857186721,nf_100
199,0.7829197761266917,0.9724529416565936,nf_100
200,0.79709274115098,0.9753708893181544,nf_100
201,0.806586182081853,0.9772889807879916,nf_100
202,0.8208857263185529,0.9796841659314307,nf_100
203,0.8350422829264176,0.9820832377850416,nf_100
204,0.8492519715493686,0.9845998826213528,nf_100
205,0.863560110670862,0.986731743150645,nf_100
206,0.8778854395619422,0.9888461134841636,nf_100
207,0.8922123311593484,0.9908788629040721,nf_100
208,0.8968895111932748,0.9914181439404245,nf_100
209,0.9113461074157447,0.993320688569574,nf_100
210,0.9258144239356603,0.9948365055366186,nf_100
211,0.9403702520098357,0.9962046275171307,nf_100
212,0.9551159489026285,0.9973823006992192,nf_100
213,0.9699780674167137,0.9983617516625403,nf_100
214,0.9849323856040367,0.9990409542650814,nf_100
215,0.9999023308546207,0.999868823531698,nf_100
216,1.0,1.0,nf_100
217,1.0,1.0,nf_100
218,0.0,0.0,nf_500
219,0.00015154355705536808,0.023954305065919973,nf_500
220,0.0003374578177727784,0.04670856469322625,nf_500
221,0.000565554305711786,0.06838705543219598,nf_500
222,0.0008045869266341707,0.08989757864618175,nf_500
223,0.0010225284339457567,0.11141489823401081,nf_500
224,0.0012849956255468066,0.13294095601678121,nf_500
225,0.0014451318585176852,0.14695216614998044,nf_500
226,0.0017200974878140232,0.16846657300616236,nf_500
227,0.002039588801399825,0.1902926421485862,nf_500
228,0.002376265466816648,0.2121080312749706,nf_500
229,0.0027871516060492436,0.23373312193374313,nf_500
230,0.0032339707536557932,0.25556792927110833,nf_500
231,0.0037706224221972255,0.27719787448262606,nf_500
232,0.004415854268216473,0.298929765301793,nf_500
233,0.0046619172603424575,0.3065785986071317,nf_500
234,0.005398543932008499,0.3283143730684948,nf_500
235,0.006254686914135733,0.34975693254404777,nf_500
236,0.00723190851143607,0.3710723027376765,nf_500
237,0.008359111361079865,0.3922546581860867,nf_500
238,0.00973472065991751,0.41313797318539247,nf_500
239,0.0112798400199975,0.433677585850338,nf_500
240,0.01300228096487939,0.4539181580661792,nf_500
241,0.01429196350456193,0.46684583202664953,nf_500
242,0.016456536682914635,0.48668541818573713,nf_500
243,0.018849987501562304,0.5057249740524156,nf_500
244,0.021601206099237595,0.5573968334723354,nf_500
245,0.024736751656042996,0.5753751841089129,nf_500
246,0.02826443569553806,0.5928671085604212,nf_500
247,0.03214285714285714,0.6098298867627027,nf_500
248,0.033546587926509185,0.6155271898644706,nf_500
249,0.03807024121984752,0.6316530431734794,nf_500
250,0.043150074990626175,0.6473167430611451,nf_500
251,0.048750937382827146,0.6623571183763268,nf_500
252,0.054895481814773155,0.6765236741973725,nf_500
253,0.06161886014248219,0.6900766145514248,nf_500
254,0.06888592050993626,0.7028450591818525,nf_500
255,0.07673572053493313,0.7150668811731706,nf_500
256,0.07884326959130109,0.7182543805056696,nf_500
257,0.08722034745656793,0.7302402712335709,nf_500
258,0.0961411073615798,0.7413863243365526,nf_500
259,0.10555555555555556,0.7522595515752538,nf_500
260,0.11545900512435946,0.7624230432026067,nf_500
261,0.1258373953255843,0.7721806942204608,nf_500
262,0.13649621922259716,0.7819373743277658,nf_500
263,0.14738704536932884,0.7914969595936157,nf_500
264,0.15856455443069617,0.7998497030470085,nf_500
265,0.1700162479690039,0.8110355634825008,nf_500
266,0.18205458692663418,0.8196300636626047,nf_500
267,0.19440382452193475,0.8276012392702248,nf_500
268,0.2070772403449569,0.8352180325274452,nf_500
269,0.220013904511936,0.8429057022547456,nf_500
270,0.2329302587176603,0.8500758766594075,nf_500
271,0.23721800399950005,0.852503153032008,nf_500
272,0.25053118360204973,0.8593509851343886,nf_500
273,0.26435992375953005,0.8662376536587307,nf_500
274,0.27812226596675416,0.8730146092910314,nf_500
275,0.29179711911011125,0.8794614553366584,nf_500
276,0.30613673290838644,0.8856209118597694,nf_500
277,0.32053258967629045,0.891503658876404,nf_500
278,0.3350620234970629,0.8973067912280174,nf_500
279,0.349560992375953,0.9025807773304038,nf_500
280,0.3619516310461192,0.9072489152501891,nf_500
281,0.3762537495313086,0.9123559047381405,nf_500
282,0.39061836020497437,0.9171628828664387,nf_500
283,0.4050634295713036,0.921930053662226,nf_500
284,0.4199826584176978,0.9261807000459241,nf_500
285,0.43466754155730536,0.9305332920372713,nf_500
286,0.4494438195225597,0.9343907196486081,nf_500
287,0.4543072740907387,0.9359218455844445,nf_500
288,0.4693171166104237,0.9400200590119432,nf_500
289,0.4842136920384952,0.9436221371488823,nf_500
290,0.4992383764529434,0.947405775558492,nf_500
291,0.5140552743407074,0.9509855227528032,nf_500
292,0.5291502624671915,0.9545264335251529,nf_500
293,0.5441296400449944,0.9579721950636966,nf_500
294,0.555231377327834,0.9601936383999006,nf_500
295,0.5707981814773153,0.9633626904319678,nf_500
296,0.5860634608173978,0.9663239676065405,nf_500
297,0.6012045369328833,0.9690735862814223,nf_500
298,0.6165916760404949,0.9715154263122584,nf_500
299,0.6317882139732534,0.9737689096965807,nf_500
300,0.6470784901887264,0.9761136586725129,nf_500
301,0.6538323334583177,0.977131172927907,nf_500
302,0.6691030808648919,0.9791137722690471,nf_500
303,0.6844003874515685,0.9810332624244996,nf_500
304,0.6998648606424197,0.9830886800568177,nf_500
305,0.7156199225096863,0.9849139918890133,nf_500
306,0.7312593738282714,0.9866121144392846,nf_500
307,0.7467465004374453,0.9882568369093587,nf_500
308,0.7623875140607425,0.9895821298087986,nf_500
309,0.7778551118610174,0.9909355791141606,nf_500
310,0.7844339770028746,0.9915084163380944,nf_500
311,0.7999804711911012,0.9926793344602368,nf_500
312,0.8156394513185852,0.9937570451696714,nf_500
313,0.8313585801774778,0.9947376648242021,nf_500
314,0.8470456817897762,0.9956008043022988,nf_500
315,0.8627023184601925,0.9962775289549799,nf_500
316,0.87847456567929,0.9969911482085244,nf_500
317,0.8899325084364454,0.9974785453041426,nf_500
318,0.9057149106361705,0.9979562332942704,nf_500
319,0.9214809086364204,0.9983882884885933,nf_500
320,0.9372726846644169,0.9988533546415835,nf_500
321,0.9531152355955506,0.9991912315126495,nf_500
322,0.9689898137732783,0.9994611446452827,nf_500
323,0.9848979815023122,0.9996271703491686,nf_500
324,1.0,1.0,nf_500
325,1.0,1.0,nf_500
326,0.0,0.0,nf_1000
327,8.681404197576246e-05,0.02449362322361229,nf_1000
328,0.00017832073486913368,0.04720515000607312,nf_1000
329,0.0003104970690484477,0.06916846835904288,nf_1000
330,0.0004520587050629793,0.09089080529576096,nf_1000
331,0.0005904919071324383,0.11266367059395117,nf_1000
332,0.0007617736656251588,0.13430341309364752,nf_1000
333,0.0009596471126509958,0.15626381634884004,nf_1000
334,0.0010660138667834616,0.16686214016761813,nf_1000
335,0.0012810937005071972,0.18871274140653468,nf_1000
336,0.001530586307626731,0.21058180493137374,nf_1000
337,0.0018027600608480402,0.2326675573909875,nf_1000
338,0.002082754898932031,0.25471152678246084,nf_1000
339,0.0024307931753213487,0.27676424146726586,nf_1000
340,0.0028249758524004865,0.29881792785133,nf_1000
341,0.0030948032801629915,0.310750394752824,nf_1000
342,0.00358909584348445,0.3326660998420989,nf_1000
343,0.00417020244878167,0.35463913518765944,nf_1000
344,0.004849854723348676,0.3765247175999028,nf_1000
345,0.005626488450212929,0.398199441272926,nf_1000
346,0.0065681470676797575,0.41969051378598327,nf_1000
347,0.007642764127812169,0.47406971942183895,nf_1000
348,0.008869892342766866,0.4951575367423782,nf_1000
349,0.008923857828319367,0.49603595287258595,nf_1000
350,0.01038249015520943,0.5167350904894935,nf_1000
351,0.012056984424309495,0.5370076521316652,nf_1000
352,0.013930134248921668,0.5570975343131301,nf_1000
353,0.016094228430425583,0.5767336329406049,nf_1000
354,0.018573512331895557,0.5961987124984818,nf_1000
355,0.02138753866548829,0.614811611806146,nf_1000
356,0.024572284421572117,0.6331349447346046,nf_1000
357,0.026125551875300624,0.640893963318353,nf_1000
358,0.03004313328301769,0.6584564557269525,nf_1000
359,0.03452539701782034,0.6752610227134702,nf_1000
360,0.03963256543315123,0.6915068626260172,nf_1000
361,0.045277824487034594,0.7069073241831653,nf_1000
362,0.051645751782229715,0.7213273411879023,nf_1000
363,0.05869958821988198,0.7352916312401312,nf_1000
364,0.06035765821077042,0.7382251913032917,nf_1000
365,0.06809114692298969,0.7515238673630511,nf_1000
366,0.07650976266917985,0.7636652496052472,nf_1000
367,0.0853898224222682,0.7753858860682619,nf_1000
368,0.09482205076666185,0.7867052107372768,nf_1000
369,0.10491750710741087,0.7970266002672173,nf_1000
370,0.11530156147959283,0.8093895299404834,nf_1000
371,0.1261517525095906,0.8198761083444673,nf_1000
372,0.12840266073307027,0.8216931859589457,nf_1000
373,0.13973697691606804,0.8309758289809304,nf_1000
374,0.15140759974816106,0.8395889712134095,nf_1000
375,0.16363351960550448,0.8480563585570265,nf_1000
376,0.17582033403853448,0.8559446131422325,nf_1000
377,0.18843965446447078,0.863730839305235,nf_1000
378,0.20143438696381574,0.8712372160816227,nf_1000
379,0.2146410708629394,0.8781518280092312,nf_1000
380,0.22803858923271247,0.8849070812583505,nf_1000
381,0.23065552422776564,0.8861926393781124,nf_1000
382,0.24462554600948697,0.8929906473946314,nf_1000
383,0.2587777990685088,0.8990229563949957,nf_1000
384,0.27293396266996195,0.9051806145997814,nf_1000
385,0.28700800488035694,0.9107562249483785,nf_1000
386,0.30146058759810573,0.9160043726466659,nf_1000
387,0.3157145147603424,0.9214507469938055,nf_1000
388,0.3272928487910558,0.9255202234908296,nf_1000
389,0.3416343721037545,0.9300279363536985,nf_1000
390,0.3562167848302238,0.9341557148062675,nf_1000
391,0.3712238824647367,0.9387479655046763,nf_1000
392,0.38608237948685864,0.9425560549010081,nf_1000
393,0.4011528279087592,0.9462844649580955,nf_1000
394,0.4161184737934999,0.9500400825944371,nf_1000
395,0.4195143888408761,0.9509593100935261,nf_1000
396,0.4347741075164536,0.9543116725373497,nf_1000
397,0.44986567286748347,0.9573637799101178,nf_1000
398,0.4649423781572742,0.9605004251184258,nf_1000
399,0.4802091358092281,0.9632658812097655,nf_1000
400,0.49538125833434354,0.965757318110045,nf_1000
401,0.5106589655051053,0.9683012267703146,nf_1000
402,0.5249793718886747,0.9707022956394996,nf_1000
403,0.5407028808966091,0.9728701566865056,nf_1000
404,0.5564334288809201,0.9751886311186688,nf_1000
405,0.5719356011872406,0.9772311429612535,nf_1000
406,0.5874612367481493,0.9792347868334751,nf_1000
407,0.6033419495618237,0.9810246568686991,nf_1000
408,0.6189489244053042,0.9827912061217053,nf_1000
409,0.6346677407623211,0.9843964532977043,nf_1000
410,0.6460270844168795,0.9854021620308514,nf_1000
411,0.6620039965743648,0.9869218996720515,nf_1000
412,0.6778620282419374,0.9881792785133001,nf_1000
413,0.6938084381684584,0.9893647516093769,nf_1000
414,0.7096656877275447,0.9905473096076765,nf_1000
415,0.7255479647581916,0.991668650552654,nf_1000
416,0.7413371708789727,0.9926772743835783,nf_1000
417,0.7572171015841608,0.9936275962589578,nf_1000
418,0.7661659868840407,0.994094983602575,nf_1000
419,0.7821022294002401,0.9949782582290781,nf_1000
420,0.798016572878824,0.9956982873800558,nf_1000
421,0.8139332626828667,0.996360986274748,nf_1000
422,0.8298288355577802,0.9968448925057695,nf_1000
423,0.8457650780739796,0.9973890440908538,nf_1000
424,0.8617404260144925,0.9978136766670715,nf_1000
425,0.8776375631063785,0.9982577432284708,nf_1000
426,0.8936301174335892,0.9986444795335844,nf_1000
427,0.8999206159886438,0.9987095833839427,nf_1000
428,0.9158959639291566,0.9990176120490708,nf_1000
429,0.931876004520587,0.9992236122919956,nf_1000
430,0.9478881115599544,0.9994247540386251,nf_1000
431,0.9639338492642314,0.999607433499332,nf_1000
432,0.9799709837751595,0.9997250091096805,nf_1000
433,0.996073815398934,0.9998270375318838,nf_1000
434,1.0,1.0,nf_1000
435,1.0,1.0,nf_1000
436,0.0,0.0,nf_2000
437,2.4229388215763482e-05,0.023817507967842867,nf_2000
438,4.2987624253773924e-05,0.047070292946405745,nf_2000
439,7.034338514253915e-05,0.0694288521932344,nf_2000
440,0.0001117678230598122,0.09151428379808772,nf_2000
441,0.00014615792246283133,0.11344516986886957,nf_2000
442,0.00019383510572610786,0.13538383181557956,nf_2000
443,0.00025558096601789224,0.15739344863013366,nf_2000
444,0.0003016949629446679,0.17341758494901455,nf_2000
445,0.0003681303822459549,0.195637150413628,nf_2000
446,0.00044628969907099835,0.21798890576901955,nf_2000
447,0.0005252306090642923,0.24022013504752518,nf_2000
448,0.0006323088731146019,0.2626331254258507,nf_2000
449,0.0007472030688474158,0.28526772826812774,nf_2000
450,0.000907429668338755,0.30772251397956696,nf_2000
451,0.001076253792680849,0.330419323829269,nf_2000
452,0.001189584802077162,0.34312899303378713,nf_2000
453,0.0014021781438412803,0.36581025113163296,nf_2000
454,0.0016483799918401672,0.3882387932618147,nf_2000
455,0.0019672700044863446,0.4106731672989426,nf_2000
456,0.0023299292345545465,0.4330978214911603,nf_2000
457,0.0027590238839240353,0.455333910692121,nf_2000
458,0.003249082800417058,0.47769441390793166,nf_2000
459,0.0037102227696848146,0.5287138798413332,nf_2000
460,0.004442575568335472,0.5504941083160078,nf_2000
461,0.005363292320534485,0.5720711920320599,nf_2000
462,0.006423914249850325,0.5933557084163165,nf_2000
463,0.007776852024091827,0.6143097500736279,nf_2000
464,0.00945102459048426,0.6349605325697423,nf_2000
465,0.011515993741001908,0.6551904457812471,nf_2000
466,0.013174534444029332,0.6685338488739073,nf_2000
467,0.016032039067152924,0.6879434071749951,nf_2000
468,0.019560932221803634,0.7066754922858451,nf_2000
469,0.02387532651054604,0.7246290178193917,nf_2000
470,0.028997106542091138,0.7438422352532943,nf_2000
471,0.03493096187544844,0.7593405279625358,nf_2000
472,0.0416917427808147,0.7742391062408208,nf_2000
473,0.04686041840245483,0.7839570071819935,nf_2000
474,0.05485299014098378,0.7971439207716001,nf_2000
475,0.06351695041103984,0.809835122270789,nf_2000
476,0.07289763161638156,0.8217351283942913,nf_2000
477,0.08292078240602514,0.8332103772952199,nf_2000
478,0.09360359782967209,0.8433617833193854,nf_2000
479,0.10457325794606695,0.8530476087723544,nf_2000
480,0.10796771707577858,0.8556437793478567,nf_2000
481,0.11975101568032215,0.8647512740286716,nf_2000
482,0.1318907207695879,0.8730413297525424,nf_2000
483,0.14440949854545512,0.8817872462026995,nf_2000
484,0.15726983253584778,0.8898994287647146,nf_2000
485,0.1703544837655283,0.8968568937514033,nf_2000
486,0.1839143436415051,0.903937800768451,nf_2000
487,0.19752578866658643,0.9101060143484351,nf_2000
488,0.21158821294974825,0.9158378068919533,nf_2000
489,0.2256756482142941,0.9216318064428964,nf_2000
490,0.24002882515604507,0.9269942448798287,nf_2000
491,0.2543530831505708,0.9316724062350861,nf_2000
492,0.2686890650426203,0.9363894469699842,nf_2000
493,0.2836260920810543,0.9405767561572788,nf_2000
494,0.29840211092682883,0.9445055174699633,nf_2000
495,0.30659633370276634,0.94669442654373,nf_2000
496,0.32146067257655314,0.9505677847404267,nf_2000
497,0.33659700587289104,0.9541407997293995,nf_2000
498,0.35170051225616245,0.9575349695720256,nf_2000
499,0.3667743180990404,0.9608863720970469,nf_2000
500,0.3820622804700189,0.9636944352915905,nf_2000
501,0.39743699968267315,0.9662595023633803,nf_2000
502,0.4057930122444386,0.9675357180000836,nf_2000
503,0.4214780239448883,0.9699812309794785,nf_2000
504,0.43723885018265835,0.9726328046709687,nf_2000
505,0.45276363528361674,0.974849901294975,nf_2000
506,0.468528369487228,0.9767588788353293,nf_2000
507,0.4844134690387498,0.9785930135698755,nf_2000
508,0.5002930974380939,0.9802181716388533,nf_2000
509,0.5164384675146432,0.9819842674590284,nf_2000
510,0.5164752023935509,0.9819900993659745,nf_2000
511,0.5322180519884512,0.9836317811712997,nf_2000
512,0.5480460952386907,0.9851140575200982,nf_2000
513,0.5642328897531572,0.9865866140239866,nf_2000
514,0.5805291073111788,0.9879085129317676,nf_2000
515,0.596543169735462,0.9889640880890105,nf_2000
516,0.6126197596132051,0.9899943916494869,nf_2000
517,0.6285079855374001,0.9910791263414601,nf_2000
518,0.64453689823188,0.9919033691898412,nf_2000
519,0.6605157889635919,0.9927140042553481,nf_2000
520,0.6764188651579834,0.9935528268710945,nf_2000
521,0.692406353414546,0.994210860371512,nf_2000
522,0.708410255127642,0.9948863895927677,nf_2000
523,0.7244125936544014,0.9954588884579758,nf_2000
524,0.7404422879420496,0.9960236114472557,nf_2000
525,0.7455195171630044,0.9961849608727643,nf_2000
526,0.761494499928875,0.9967603756914455,nf_2000
527,0.7775726529929547,0.9972162364177317,nf_2000
528,0.7936789434110915,0.9975700387724613,nf_2000
529,0.8097187984099269,0.9980404792661128,nf_2000
530,0.8257023787006482,0.9983087469856331,nf_2000
531,0.8417641183081946,0.9985235555581475,nf_2000
532,0.8577922494095064,0.9987723835878475,nf_2000
533,0.8738469546785386,0.9989823322379068,nf_2000
534,0.8898750857798502,0.999181589058565,nf_2000
535,0.8913358834113103,0.9992000567638942,nf_2000
536,0.9074132548822217,0.9993419664995825,nf_2000
537,0.9235125109618442,0.999437220979702,nf_2000
538,0.9395891008395874,0.9995480272116778,nf_2000
539,0.9556883569192098,0.9996802171024559,nf_2000
540,0.9718102792007116,0.9997395081564079,nf_2000
541,0.987950178125083,0.9998279587450902,nf_2000
542,1.0,1.0,nf_2000
543,1.0,1.0,nf_2000
544,0.0,0.0,nf_5000
545,1.2496417042925974e-05,0.021941679280735742,nf_5000
546,2.0306677694754706e-05,0.04396788415912575,nf_5000
547,3.358412080286355e-05,0.06602517891251504,nf_5000
548,4.68615639109724e-05,0.08825735421277522,nf_5000
549,7.185439799682435e-05,0.11059057160678304,nf_5000
550,9.450415388712768e-05,0.13296653757891486,nf_5000
551,0.00010700057093005365,0.15546589149245002,nf_5000
552,0.00011324877945151663,0.16211426694932546,nf_5000
553,0.0001437087959936487,0.1846738574956717,nf_5000
554,0.00017573086466614652,0.20735683598342133,nf_5000
555,0.0002116580636645587,0.2299484879633606,nf_5000
556,0.0002491473147933366,0.25252362344720647,nf_5000
557,0.0003077242696820521,0.2750725268490217,nf_5000
558,0.00036473917244040185,0.2976719512977108,nf_5000
559,0.00043190741404612896,0.3202470867815567,nf_5000
560,0.0005201633594117936,0.3429106340974318,nf_5000
561,0.0005685869754531318,0.35551077749948023,nf_5000
562,0.0006490326601669678,0.37823067521379145,nf_5000
563,0.0007763399087917761,0.4009486298109153,nf_5000
564,0.0009091143398728646,0.4236364660916335,nf_5000
565,0.0010895313609301084,0.4463961977082876,nf_5000
566,0.0012863499293561925,0.4690208826804136,nf_5000
567,0.0015308110877584318,0.4915863025783222,nf_5000
568,0.0018213527840064607,0.5473246191004534,nf_5000
569,0.0021251719233625985,0.5657511993890839,nf_5000
570,0.0025758239629731163,0.5881893451112143,nf_5000
571,0.003113169895818933,0.6104710698997546,nf_5000
572,0.0038262466933308963,0.6327906854734502,nf_5000
573,0.004790032857766562,0.6545351383596594,nf_5000
574,0.00605060892697172,0.6760571043279049,nf_5000
575,0.007622814396184844,0.697698572003179,nf_5000
576,0.008014889480906647,0.7023348496124453,nf_5000
577,0.0102150399065268,0.7233788087525771,nf_5000
578,0.01312045686900709,0.7462424971387599,nf_5000
579,0.016807680922735435,0.7658621513804876,nf_5000
580,0.021325916709818357,0.784307191282399,nf_5000
581,0.026911034101941084,0.8017340377780844,nf_5000
582,0.03344431713719582,0.8180746817659826,nf_5000
583,0.034076948249993945,0.8195903131721971,nf_5000
584,0.04170601085470026,0.834614495265595,nf_5000
585,0.050255122164191986,0.8480880698434042,nf_5000
586,0.05969382216192701,0.8607503929954512,nf_5000
587,0.06995728568449515,0.8714074192100452,nf_5000
588,0.08085338031986142,0.8822888754597901,nf_5000
589,0.08965476304840722,0.890007908486953,nf_5000
590,0.10164038904470359,0.8984692122797234,nf_5000
591,0.11408838247158823,0.9064379358654742,nf_5000
592,0.12704169976264618,0.9136566162168674,nf_5000
593,0.14031367568829875,0.9204507254628019,nf_5000
594,0.15397147849015166,0.9273973694079516,nf_5000
595,0.1678011070263448,0.933087788091412,nf_5000
596,0.18200719012595606,0.9385625207670649,nf_5000
597,0.1935663758906626,0.9424341817630679,nf_5000
598,0.20814422739730093,0.9469237540246814,nf_5000
599,0.22327114022776282,0.9510295606417728,nf_5000
600,0.23824028579305778,0.9547418860284045,nf_5000
601,0.25340390684858327,0.9583774582861317,nf_5000
602,0.2686378202499752,0.9616195493133995,nf_5000
603,0.2840880778714228,0.9648966164500414,nf_5000
604,0.2996836063409944,0.9677316244265376,nf_5000
605,0.31531115687923855,0.9703295721061641,nf_5000
606,0.32171713266586843,0.9713875994147331,nf_5000
607,0.33740950836752276,0.973770832645146,nf_5000
608,0.35330495084612457,0.9758072194575983,nf_5000
609,0.3693175472345039,0.977824175098176,nf_5000
610,0.38526375640734256,0.9794952558793868,nf_5000
611,0.401234177388202,0.9811954834184095,nf_5000
612,0.4172678614803412,0.9827694083402476,nf_5000
613,0.4335834959820114,0.9841548508949026,nf_5000
614,0.4358695592748017,0.9843676222269289,nf_5000
615,0.4525491519228471,0.9857792968636145,nf_5000
616,0.4687210776285237,0.9870598110901471,nf_5000
617,0.4848687915261796,0.9883072923244928,nf_5000
618,0.5011188198383745,0.9894022388596234,nf_5000
619,0.5175273964418015,0.9902319498986665,nf_5000
620,0.5336493364793063,0.991138414066614,nf_5000
621,0.5498353206541562,0.991968125105657,nf_5000
622,0.5517503965659846,0.9920545938204988,nf_5000
623,0.5680293228425912,0.9929105369415724,nf_5000
624,0.5841614162189435,0.9936800113478044,nf_5000
625,0.6002036915977997,0.9943144391095082,nf_5000
626,0.616280332123524,0.9949372081680874,nf_5000
627,0.6323538485449874,0.995508484621199,nf_5000
628,0.6484367372792332,0.9960117519727497,nf_5000
629,0.6645250931959352,0.9965441660821123,nf_5000
630,0.6807102963447199,0.9968822684727293,nf_5000
631,0.6845232655949427,0.9969629078360087,nf_5000
632,0.7005999061206669,0.9973291854258438,nf_5000
633,0.7167273133406281,0.9976196814453683,nf_5000
634,0.7328976769941743,0.9979004618789554,nf_5000
635,0.7490836611690241,0.9981472377617622,nf_5000
636,0.7653001053604161,0.9983949852031626,nf_5000
637,0.7756369853331115,0.9985203162617534,nf_5000
638,0.7917558012663557,0.9986990830429993,nf_5000
639,0.8078847705384472,0.9988943663203385,nf_5000
640,0.8239715644030188,0.9990459294609598,nf_5000
641,0.8400974095708497,0.9991401706445514,nf_5000
642,0.85622169268655,0.9992664732617359,nf_5000
643,0.8723819030012488,0.9993636291211087,nf_5000
644,0.8782153866820998,0.9994238657539197,nf_5000
645,0.8943779400749942,0.9995113060273552,nf_5000
646,0.9105443985982145,0.9996210921484464,nf_5000
647,0.9267092950693043,0.9996871581328198,nf_5000
648,0.9428695053840032,0.999722134242194,nf_5000
649,0.9590547085327878,0.9997823708750051,nf_5000
650,0.975225072186334,0.9998426075078162,nf_5000
651,0.9914704143421378,0.9998785551757841,nf_5000
652,1.0,1.0,nf_5000
653,1.0,1.0,nf_5000
